{"RuleTriggered": 0, "Violations": 0, "Details": {"pin_memory": false, "num_workers": 0, "cores": 36, "dataloaders": 1, "dataloading_time": {"p25": 0.023036749999999998, "p50": 0.023462, "p95": 0.02541375, "probs": [1, 0, 0, 0, 0, 0, 0, 0, 0, 0, 0, 0, 0, 0, 0, 0, 0, 0, 0, 0, 0, 0, 0, 0, 0, 0, 0, 0, 0, 0, 0, 0, 0, 0, 0, 0, 0, 0, 0, 0, 0, 0, 0, 0, 0, 0, 0, 0, 0, 0, 0, 0, 0, 0, 0, 0, 0, 0, 0, 0, 0, 0, 0, 0, 0, 0, 0, 0, 0, 0, 0, 0, 0, 0, 0, 0, 0, 0, 0, 0, 0, 1, 0, 1, 2, 0, 1, 0, 1, 0, 0, 2, 0, 0, 0, 0, 0, 0, 0, 1], "binedges": [0.00711, 0.00730026, 0.00749052, 0.00768078, 0.00787104, 0.0080613, 0.00825156, 0.00844182, 0.00863208, 0.00882234, 0.0090126, 0.00920286, 0.00939312, 0.00958338, 0.00977364, 0.009963900000000001, 0.01015416, 0.01034442, 0.010534680000000001, 0.01072494, 0.0109152, 0.011105460000000001, 0.01129572, 0.01148598, 0.011676240000000001, 0.0118665, 0.01205676, 0.01224702, 0.01243728, 0.01262754, 0.0128178, 0.01300806, 0.01319832, 0.01338858, 0.01357884, 0.0137691, 0.01395936, 0.014149620000000002, 0.01433988, 0.01453014, 0.014720400000000002, 0.01491066, 0.01510092, 0.01529118, 0.01548144, 0.0156717, 0.01586196, 0.01605222, 0.01624248, 0.01643274, 0.016623, 0.01681326, 0.01700352, 0.01719378, 0.01738404, 0.0175743, 0.01776456, 0.01795482, 0.01814508, 0.01833534, 0.018525600000000003, 0.01871586, 0.01890612, 0.019096380000000003, 0.01928664, 0.0194769, 0.019667160000000003, 0.01985742, 0.02004768, 0.020237940000000003, 0.0204282, 0.02061846, 0.020808720000000003, 0.02099898, 0.02118924, 0.021379500000000003, 0.02156976, 0.02176002, 0.021950280000000003, 0.02214054, 0.0223308, 0.022521060000000002, 0.02271132, 0.022901579999999998, 0.023091840000000002, 0.0232821, 0.023472359999999998, 0.023662620000000002, 0.02385288, 0.024043139999999998, 0.024233400000000002, 0.02442366, 0.024613920000000004, 0.024804180000000002, 0.02499444, 0.025184700000000004, 0.025374960000000002, 0.02556522, 0.025755480000000004, 0.025945740000000002, 0.026136]}}, "Datapoints": 10, "RuleParameters": "min_threshold:70\nmax_threshold:200"}