{"RuleTriggered": 0, "Violations": 0, "Details": {"step_num": {"first": 1692527364993990, "last": 1692529595215515}, "job_start": 1692527277.000547, "job_end": 1692529619.500664}, "Datapoints": 83, "RuleParameters": "threshold:20"}