{"RuleTriggered": 0, "Violations": 0, "Details": {"ratio": {"cpu_functions": 100.0}, "phase": {"Step:ModeKeys.GLOBAL": 102.64787813710161, "others": -2.6478781371016153}, "phase_time": {}, "general": {"DataLoaderIterInitialize": 0.007300817887754791, "Forward": 99.98252520505599, "DataLoaderIter": 0.010173977056252078}, "CPU": {"dropout": 3.5360474843069603, "matmul": 10.07347930408771, "mm": 25.680286624590813, "NativeLayerNormBackward": 7.278756823043175, "native_layer_norm_backward": 7.276984902498077, "MmBackward": 16.964769692632526, "GeluBackward": 14.595037567230518, "gelu_backward": 14.594637601610213}, "CPU_total": {"dropout": 10193533, "matmul": 29039300, "mm": 74029789, "NativeLayerNormBackward": 20982820, "native_layer_norm_backward": 20977712, "MmBackward": 48905152, "GeluBackward": 42073812, "gelu_backward": 42072659}}, "Datapoints": 0, "RuleParameters": ""}